season,value,anomaly,date
DJF 1950,24.72,-1.53,1950-01-01
JFM 1950,25.17,-1.34,1950-02-01
FMA 1950,25.75,-1.16,1950-03-01
MAM 1950,26.12,-1.18,1950-04-01
AMJ 1950,26.32,-1.07,1950-05-01
MJJ 1950,26.31,-0.85,1950-06-01
JJA 1950,26.21,-0.54,1950-07-01
JAS 1950,25.96,-0.42,1950-08-01
ASO 1950,25.76,-0.39,1950-09-01
SON 1950,25.63,-0.44,1950-10-01
OND 1950,25.48,-0.6,1950-11-01
NDJ 1950,25.34,-0.8,1950-12-01
DJF 1951,25.42,-0.82,1951-01-01
JFM 1951,25.96,-0.54,1951-02-01
FMA 1951,26.74,-0.17,1951-03-01
MAM 1951,27.48,0.18,1951-04-01
AMJ 1951,27.75,0.36,1951-05-01
MJJ 1951,27.75,0.58,1951-06-01
JJA 1951,27.44,0.7,1951-07-01
JAS 1951,27.28,0.89,1951-08-01
ASO 1951,27.14,0.99,1951-09-01
SON 1951,27.22,1.15,1951-10-01
OND 1951,27.12,1.04,1951-11-01
NDJ 1951,26.95,0.81,1951-12-01
DJF 1952,26.78,0.53,1952-01-01
JFM 1952,26.87,0.37,1952-02-01
FMA 1952,27.25,0.34,1952-03-01
MAM 1952,27.6,0.29,1952-04-01
AMJ 1952,27.59,0.2,1952-05-01
MJJ 1952,27.17,0.0,1952-06-01
JJA 1952,26.67,-0.08,1952-07-01
JAS 1952,26.39,0.0,1952-08-01
ASO 1952,26.3,0.15,1952-09-01
SON 1952,26.17,0.1,1952-10-01
OND 1952,26.13,0.04,1952-11-01
NDJ 1952,26.29,0.15,1952-12-01
DJF 1953,26.65,0.4,1953-01-01
JFM 1953,27.1,0.6,1953-02-01
FMA 1953,27.53,0.63,1953-03-01
MAM 1953,27.96,0.66,1953-04-01
AMJ 1953,28.14,0.75,1953-05-01
MJJ 1953,27.94,0.77,1953-06-01
JJA 1953,27.49,0.75,1953-07-01
JAS 1953,27.12,0.73,1953-08-01
ASO 1953,26.93,0.78,1953-09-01
SON 1953,26.91,0.84,1953-10-01
OND 1953,26.92,0.84,1953-11-01
NDJ 1953,26.95,0.81,1953-12-01
DJF 1954,27.0,0.76,1954-01-01
JFM 1954,26.97,0.47,1954-02-01
FMA 1954,26.86,-0.05,1954-03-01
MAM 1954,26.89,-0.41,1954-04-01
AMJ 1954,26.85,-0.54,1954-05-01
MJJ 1954,26.67,-0.5,1954-06-01
JJA 1954,26.1,-0.64,1954-07-01
JAS 1954,25.54,-0.84,1954-08-01
ASO 1954,25.25,-0.9,1954-09-01
SON 1954,25.3,-0.77,1954-10-01
OND 1954,25.35,-0.73,1954-11-01
NDJ 1954,25.48,-0.66,1954-12-01
DJF 1955,25.57,-0.68,1955-01-01
JFM 1955,25.89,-0.62,1955-02-01
FMA 1955,26.22,-0.69,1955-03-01
MAM 1955,26.5,-0.8,1955-04-01
AMJ 1955,26.6,-0.79,1955-05-01
MJJ 1955,26.45,-0.72,1955-06-01
JJA 1955,26.06,-0.68,1955-07-01
JAS 1955,25.64,-0.75,1955-08-01
ASO 1955,25.06,-1.09,1955-09-01
SON 1955,24.65,-1.42,1955-10-01
OND 1955,24.41,-1.67,1955-11-01
NDJ 1955,24.72,-1.47,1955-12-01
DJF 1956,25.23,-1.11,1956-01-01
JFM 1956,25.86,-0.76,1956-02-01
FMA 1956,26.37,-0.63,1956-03-01
MAM 1956,26.82,-0.54,1956-04-01
AMJ 1956,26.93,-0.52,1956-05-01
MJJ 1956,26.72,-0.51,1956-06-01
JJA 1956,26.23,-0.57,1956-07-01
JAS 1956,25.87,-0.55,1956-08-01
ASO 1956,25.71,-0.46,1956-09-01
SON 1956,25.67,-0.42,1956-10-01
OND 1956,25.67,-0.43,1956-11-01
NDJ 1956,25.77,-0.43,1956-12-01
DJF 1957,26.09,-0.25,1957-01-01
JFM 1957,26.68,0.06,1957-02-01
FMA 1957,27.41,0.41,1957-03-01
MAM 1957,28.08,0.72,1957-04-01
AMJ 1957,28.37,0.92,1957-05-01
MJJ 1957,28.34,1.11,1957-06-01
JJA 1957,28.06,1.25,1957-07-01
JAS 1957,27.75,1.32,1957-08-01
ASO 1957,27.5,1.33,1957-09-01
SON 1957,27.48,1.39,1957-10-01
OND 1957,27.64,1.53,1957-11-01
NDJ 1957,27.94,1.74,1957-12-01
DJF 1958,28.15,1.81,1958-01-01
JFM 1958,28.27,1.66,1958-02-01
FMA 1958,28.26,1.27,1958-03-01
MAM 1958,28.28,0.93,1958-04-01
AMJ 1958,28.19,0.74,1958-05-01
MJJ 1958,27.87,0.64,1958-06-01
JJA 1958,27.38,0.57,1958-07-01
JAS 1958,26.85,0.43,1958-08-01
ASO 1958,26.56,0.39,1958-09-01
SON 1958,26.53,0.44,1958-10-01
OND 1958,26.6,0.5,1958-11-01
NDJ 1958,26.81,0.61,1958-12-01
DJF 1959,26.95,0.61,1959-01-01
JFM 1959,27.24,0.62,1959-02-01
FMA 1959,27.51,0.52,1959-03-01
MAM 1959,27.68,0.33,1959-04-01
AMJ 1959,27.65,0.2,1959-05-01
MJJ 1959,27.16,-0.07,1959-06-01
JJA 1959,26.63,-0.18,1959-07-01
JAS 1959,26.15,-0.28,1959-08-01
ASO 1959,26.08,-0.09,1959-09-01
SON 1959,26.07,-0.03,1959-10-01
OND 1959,26.15,0.05,1959-11-01
NDJ 1959,26.16,-0.04,1959-12-01
DJF 1960,26.24,-0.1,1960-01-01
JFM 1960,26.51,-0.1,1960-02-01
FMA 1960,26.92,-0.07,1960-03-01
MAM 1960,27.39,0.03,1960-04-01
AMJ 1960,27.47,0.02,1960-05-01
MJJ 1960,27.26,0.03,1960-06-01
JJA 1960,26.93,0.13,1960-07-01
JAS 1960,26.66,0.24,1960-08-01
ASO 1960,26.44,0.27,1960-09-01
SON 1960,26.3,0.2,1960-10-01
OND 1960,26.23,0.12,1960-11-01
NDJ 1960,26.23,0.05,1960-12-01
DJF 1961,26.34,0.04,1961-01-01
JFM 1961,26.58,0.03,1961-02-01
FMA 1961,26.96,0.04,1961-03-01
MAM 1961,27.35,0.09,1961-04-01
AMJ 1961,27.59,0.23,1961-05-01
MJJ 1961,27.42,0.27,1961-06-01
JJA 1961,26.9,0.14,1961-07-01
JAS 1961,26.27,-0.13,1961-08-01
ASO 1961,25.89,-0.3,1961-09-01
SON 1961,25.85,-0.26,1961-10-01
OND 1961,25.91,-0.19,1961-11-01
NDJ 1961,26.0,-0.16,1961-12-01
DJF 1962,26.05,-0.24,1962-01-01
JFM 1962,26.32,-0.22,1962-02-01
FMA 1962,26.71,-0.2,1962-03-01
MAM 1962,27.0,-0.26,1962-04-01
AMJ 1962,27.09,-0.28,1962-05-01
MJJ 1962,26.96,-0.2,1962-06-01
JJA 1962,26.72,-0.04,1962-07-01
JAS 1962,26.34,-0.07,1962-08-01
ASO 1962,26.07,-0.11,1962-09-01
SON 1962,25.88,-0.22,1962-10-01
OND 1962,25.79,-0.31,1962-11-01
NDJ 1962,25.73,-0.43,1962-12-01
DJF 1963,25.89,-0.4,1963-01-01
JFM 1963,26.39,-0.15,1963-02-01
FMA 1963,27.07,0.15,1963-03-01
MAM 1963,27.53,0.27,1963-04-01
AMJ 1963,27.68,0.31,1963-05-01
MJJ 1963,27.67,0.52,1963-06-01
JJA 1963,27.62,0.86,1963-07-01
JAS 1963,27.54,1.14,1963-08-01
ASO 1963,27.4,1.22,1963-09-01
SON 1963,27.4,1.29,1963-10-01
OND 1963,27.47,1.37,1963-11-01
NDJ 1963,27.47,1.31,1963-12-01
DJF 1964,27.36,1.07,1964-01-01
JFM 1964,27.16,0.62,1964-02-01
FMA 1964,27.03,0.12,1964-03-01
MAM 1964,26.93,-0.33,1964-04-01
AMJ 1964,26.78,-0.58,1964-05-01
MJJ 1964,26.57,-0.58,1964-06-01
JJA 1964,26.16,-0.6,1964-07-01
JAS 1964,25.74,-0.66,1964-08-01
ASO 1964,25.42,-0.76,1964-09-01
SON 1964,25.31,-0.8,1964-10-01
OND 1964,25.28,-0.82,1964-11-01
NDJ 1964,25.38,-0.78,1964-12-01
DJF 1965,25.69,-0.59,1965-01-01
JFM 1965,26.27,-0.28,1965-02-01
FMA 1965,26.85,-0.07,1965-03-01
MAM 1965,27.44,0.18,1965-04-01
AMJ 1965,27.82,0.46,1965-05-01
MJJ 1965,27.99,0.83,1965-06-01
JJA 1965,27.98,1.22,1965-07-01
JAS 1965,27.95,1.54,1965-08-01
ASO 1965,28.04,1.85,1965-09-01
SON 1965,28.09,1.98,1965-10-01
OND 1965,28.07,1.97,1965-11-01
NDJ 1965,27.91,1.72,1965-12-01
DJF 1966,27.72,1.37,1966-01-01
JFM 1966,27.81,1.17,1966-02-01
FMA 1966,27.98,0.98,1966-03-01
MAM 1966,27.97,0.66,1966-04-01
AMJ 1966,27.78,0.35,1966-05-01
MJJ 1966,27.5,0.24,1966-06-01
JJA 1966,27.14,0.24,1966-07-01
JAS 1966,26.69,0.12,1966-08-01
ASO 1966,26.32,-0.05,1966-09-01
SON 1966,26.24,-0.1,1966-10-01
OND 1966,26.16,-0.18,1966-11-01
NDJ 1966,26.04,-0.3,1966-12-01
DJF 1967,26.01,-0.41,1967-01-01
JFM 1967,26.17,-0.48,1967-02-01
FMA 1967,26.46,-0.53,1967-03-01
MAM 1967,26.87,-0.45,1967-04-01
AMJ 1967,27.19,-0.24,1967-05-01
MJJ 1967,27.26,-0.0,1967-06-01
JJA 1967,26.95,0.05,1967-07-01
JAS 1967,26.41,-0.16,1967-08-01
ASO 1967,26.08,-0.3,1967-09-01
SON 1967,25.96,-0.38,1967-10-01
OND 1967,26.0,-0.34,1967-11-01
NDJ 1967,25.9,-0.44,1967-12-01
DJF 1968,25.78,-0.64,1968-01-01
JFM 1968,25.91,-0.74,1968-02-01
FMA 1968,26.38,-0.62,1968-03-01
MAM 1968,26.88,-0.44,1968-04-01
AMJ 1968,27.39,-0.04,1968-05-01
MJJ 1968,27.54,0.28,1968-06-01
JJA 1968,27.48,0.58,1968-07-01
JAS 1968,27.1,0.53,1968-08-01
ASO 1968,26.82,0.45,1968-09-01
SON 1968,26.89,0.55,1968-10-01
OND 1968,27.07,0.73,1968-11-01
NDJ 1968,27.32,0.98,1968-12-01
DJF 1969,27.54,1.13,1969-01-01
JFM 1969,27.73,1.09,1969-02-01
FMA 1969,27.94,0.95,1969-03-01
MAM 1969,28.09,0.77,1969-04-01
AMJ 1969,28.04,0.61,1969-05-01
MJJ 1969,27.69,0.43,1969-06-01
JJA 1969,27.26,0.36,1969-07-01
JAS 1969,27.08,0.51,1969-08-01
ASO 1969,27.17,0.79,1969-09-01
SON 1969,27.2,0.86,1969-10-01
OND 1969,27.14,0.81,1969-11-01
NDJ 1969,26.98,0.63,1969-12-01
DJF 1970,26.93,0.51,1970-01-01
JFM 1970,26.98,0.34,1970-02-01
FMA 1970,27.29,0.29,1970-03-01
MAM 1970,27.51,0.19,1970-04-01
AMJ 1970,27.47,0.04,1970-05-01
MJJ 1970,26.96,-0.3,1970-06-01
JJA 1970,26.28,-0.63,1970-07-01
JAS 1970,25.81,-0.76,1970-08-01
ASO 1970,25.61,-0.77,1970-09-01
SON 1970,25.6,-0.74,1970-10-01
OND 1970,25.48,-0.86,1970-11-01
NDJ 1970,25.22,-1.15,1970-12-01
DJF 1971,25.1,-1.36,1971-01-01
JFM 1971,25.32,-1.38,1971-02-01
FMA 1971,25.92,-1.12,1971-03-01
MAM 1971,26.51,-0.85,1971-04-01
AMJ 1971,26.73,-0.73,1971-05-01
MJJ 1971,26.56,-0.74,1971-06-01
JJA 1971,26.15,-0.8,1971-07-01
JAS 1971,25.86,-0.77,1971-08-01
ASO 1971,25.64,-0.82,1971-09-01
SON 1971,25.58,-0.85,1971-10-01
OND 1971,25.46,-0.96,1971-11-01
NDJ 1971,25.52,-0.9,1971-12-01
DJF 1972,25.77,-0.71,1972-01-01
JFM 1972,26.35,-0.35,1972-02-01
FMA 1972,27.1,0.06,1972-03-01
MAM 1972,27.77,0.41,1972-04-01
AMJ 1972,28.13,0.67,1972-05-01
MJJ 1972,28.21,0.92,1972-06-01
JJA 1972,28.09,1.13,1972-07-01
JAS 1972,28.0,1.37,1972-08-01
ASO 1972,28.04,1.58,1972-09-01
SON 1972,28.26,1.84,1972-10-01
OND 1972,28.51,2.09,1972-11-01
NDJ 1972,28.54,2.12,1972-12-01
DJF 1973,28.32,1.84,1973-01-01
JFM 1973,27.95,1.25,1973-02-01
FMA 1973,27.59,0.54,1973-03-01
MAM 1973,27.26,-0.1,1973-04-01
AMJ 1973,26.92,-0.54,1973-05-01
MJJ 1973,26.42,-0.87,1973-06-01
JJA 1973,25.84,-1.11,1973-07-01
JAS 1973,25.35,-1.28,1973-08-01
ASO 1973,25.01,-1.45,1973-09-01
SON 1973,24.71,-1.71,1973-10-01
OND 1973,24.47,-1.95,1973-11-01
NDJ 1973,24.38,-2.03,1973-12-01
DJF 1974,24.64,-1.84,1974-01-01
JFM 1974,25.14,-1.55,1974-02-01
FMA 1974,25.82,-1.23,1974-03-01
MAM 1974,26.33,-1.03,1974-04-01
AMJ 1974,26.55,-0.91,1974-05-01
MJJ 1974,26.52,-0.77,1974-06-01
JJA 1974,26.42,-0.53,1974-07-01
JAS 1974,26.26,-0.37,1974-08-01
ASO 1974,26.06,-0.41,1974-09-01
SON 1974,25.82,-0.61,1974-10-01
OND 1974,25.67,-0.75,1974-11-01
NDJ 1974,25.78,-0.64,1974-12-01
DJF 1975,25.94,-0.54,1975-01-01
JFM 1975,26.13,-0.57,1975-02-01
FMA 1975,26.39,-0.65,1975-03-01
MAM 1975,26.63,-0.73,1975-04-01
AMJ 1975,26.64,-0.83,1975-05-01
MJJ 1975,26.31,-0.98,1975-06-01
JJA 1975,25.82,-1.13,1975-07-01
JAS 1975,25.43,-1.2,1975-08-01
ASO 1975,25.09,-1.37,1975-09-01
SON 1975,25.0,-1.43,1975-10-01
OND 1975,24.87,-1.55,1975-11-01
NDJ 1975,24.75,-1.65,1975-12-01
DJF 1976,24.9,-1.56,1976-01-01
JFM 1976,25.5,-1.17,1976-02-01
FMA 1976,26.28,-0.73,1976-03-01
MAM 1976,26.85,-0.47,1976-04-01
AMJ 1976,27.15,-0.28,1976-05-01
MJJ 1976,27.22,-0.05,1976-06-01
JJA 1976,27.15,0.18,1976-07-01
JAS 1976,27.04,0.35,1976-08-01
ASO 1976,27.15,0.62,1976-09-01
SON 1976,27.29,0.81,1976-10-01
OND 1976,27.32,0.86,1976-11-01
NDJ 1976,27.27,0.85,1976-12-01
DJF 1977,27.18,0.71,1977-01-01
JFM 1977,27.31,0.64,1977-02-01
FMA 1977,27.35,0.34,1977-03-01
MAM 1977,27.55,0.23,1977-04-01
AMJ 1977,27.64,0.21,1977-05-01
MJJ 1977,27.61,0.34,1977-06-01
JJA 1977,27.32,0.35,1977-07-01
JAS 1977,27.11,0.42,1977-08-01
ASO 1977,27.1,0.57,1977-09-01
SON 1977,27.21,0.73,1977-10-01
OND 1977,27.27,0.81,1977-11-01
NDJ 1977,27.21,0.79,1977-12-01
DJF 1978,27.15,0.69,1978-01-01
JFM 1978,27.09,0.42,1978-02-01
FMA 1978,27.08,0.06,1978-03-01
MAM 1978,27.14,-0.18,1978-04-01
AMJ 1978,27.11,-0.31,1978-05-01
MJJ 1978,26.98,-0.29,1978-06-01
JJA 1978,26.61,-0.36,1978-07-01
JAS 1978,26.27,-0.42,1978-08-01
ASO 1978,26.11,-0.42,1978-09-01
SON 1978,26.19,-0.29,1978-10-01
OND 1978,26.37,-0.08,1978-11-01
NDJ 1978,26.43,0.0,1978-12-01
DJF 1979,26.5,0.03,1979-01-01
JFM 1979,26.75,0.07,1979-02-01
FMA 1979,27.22,0.2,1979-03-01
MAM 1979,27.6,0.28,1979-04-01
AMJ 1979,27.66,0.23,1979-05-01
MJJ 1979,27.32,0.05,1979-06-01
JJA 1979,27.0,0.04,1979-07-01
JAS 1979,26.86,0.17,1979-08-01
ASO 1979,26.86,0.33,1979-09-01
SON 1979,26.94,0.45,1979-10-01
OND 1979,26.98,0.52,1979-11-01
NDJ 1979,27.06,0.64,1979-12-01
DJF 1980,27.06,0.59,1980-01-01
JFM 1980,27.13,0.46,1980-02-01
FMA 1980,27.35,0.34,1980-03-01
MAM 1980,27.7,0.38,1980-04-01
AMJ 1980,27.9,0.48,1980-05-01
MJJ 1980,27.73,0.46,1980-06-01
JJA 1980,27.22,0.25,1980-07-01
JAS 1980,26.72,0.03,1980-08-01
ASO 1980,26.46,-0.07,1980-09-01
SON 1980,26.5,0.02,1980-10-01
OND 1980,26.57,0.11,1980-11-01
NDJ 1980,26.48,-0.01,1980-12-01
DJF 1981,26.32,-0.26,1981-01-01
JFM 1981,26.32,-0.5,1981-02-01
FMA 1981,26.69,-0.47,1981-03-01
MAM 1981,27.11,-0.37,1981-04-01
AMJ 1981,27.31,-0.26,1981-05-01
MJJ 1981,27.09,-0.29,1981-06-01
JJA 1981,26.75,-0.3,1981-07-01
JAS 1981,26.5,-0.25,1981-08-01
ASO 1981,26.42,-0.16,1981-09-01
SON 1981,26.41,-0.13,1981-10-01
OND 1981,26.37,-0.15,1981-11-01
NDJ 1981,26.46,-0.08,1981-12-01
DJF 1982,26.56,-0.05,1982-01-01
JFM 1982,26.9,0.07,1982-02-01
FMA 1982,27.35,0.19,1982-03-01
MAM 1982,27.95,0.47,1982-04-01
AMJ 1982,28.23,0.66,1982-05-01
MJJ 1982,28.1,0.72,1982-06-01
JJA 1982,27.83,0.79,1982-07-01
JAS 1982,27.81,1.07,1982-08-01
ASO 1982,28.16,1.58,1982-09-01
SON 1982,28.5,1.97,1982-10-01
OND 1982,28.7,2.18,1982-11-01
NDJ 1982,28.76,2.23,1982-12-01
DJF 1983,28.79,2.18,1983-01-01
JFM 1983,28.75,1.92,1983-02-01
FMA 1983,28.71,1.54,1983-03-01
MAM 1983,28.76,1.29,1983-04-01
AMJ 1983,28.63,1.06,1983-05-01
MJJ 1983,28.1,0.72,1983-06-01
JJA 1983,27.36,0.31,1983-07-01
JAS 1983,26.66,-0.08,1983-08-01
ASO 1983,26.12,-0.46,1983-09-01
SON 1983,25.73,-0.81,1983-10-01
OND 1983,25.52,-1.0,1983-11-01
NDJ 1983,25.62,-0.91,1983-12-01
DJF 1984,26.01,-0.6,1984-01-01
JFM 1984,26.41,-0.42,1984-02-01
FMA 1984,26.83,-0.34,1984-03-01
MAM 1984,27.04,-0.43,1984-04-01
AMJ 1984,27.06,-0.51,1984-05-01
MJJ 1984,26.94,-0.45,1984-06-01
JJA 1984,26.74,-0.3,1984-07-01
JAS 1984,26.59,-0.16,1984-08-01
ASO 1984,26.34,-0.24,1984-09-01
SON 1984,25.98,-0.56,1984-10-01
OND 1984,25.61,-0.92,1984-11-01
NDJ 1984,25.39,-1.14,1984-12-01
DJF 1985,25.56,-1.04,1985-01-01
JFM 1985,25.98,-0.85,1985-02-01
FMA 1985,26.4,-0.77,1985-03-01
MAM 1985,26.69,-0.78,1985-04-01
AMJ 1985,26.79,-0.78,1985-05-01
MJJ 1985,26.76,-0.63,1985-06-01
JJA 1985,26.55,-0.49,1985-07-01
JAS 1985,26.29,-0.46,1985-08-01
ASO 1985,26.18,-0.4,1985-09-01
SON 1985,26.19,-0.35,1985-10-01
OND 1985,26.25,-0.27,1985-11-01
NDJ 1985,26.14,-0.36,1985-12-01
DJF 1986,26.05,-0.49,1986-01-01
JFM 1986,26.28,-0.47,1986-02-01
FMA 1986,26.81,-0.31,1986-03-01
MAM 1986,27.26,-0.2,1986-04-01
AMJ 1986,27.44,-0.12,1986-05-01
MJJ 1986,27.34,-0.04,1986-06-01
JJA 1986,27.26,0.22,1986-07-01
JAS 1986,27.2,0.44,1986-08-01
ASO 1986,27.31,0.71,1986-09-01
SON 1986,27.49,0.94,1986-10-01
OND 1986,27.64,1.14,1986-11-01
NDJ 1986,27.7,1.22,1986-12-01
DJF 1987,27.76,1.23,1987-01-01
JFM 1987,27.95,1.19,1987-02-01
FMA 1987,28.19,1.06,1987-03-01
MAM 1987,28.41,0.95,1987-04-01
AMJ 1987,28.53,0.97,1987-05-01
MJJ 1987,28.59,1.22,1987-06-01
JJA 1987,28.54,1.51,1987-07-01
JAS 1987,28.45,1.7,1987-08-01
ASO 1987,28.24,1.65,1987-09-01
SON 1987,28.03,1.48,1987-10-01
OND 1987,27.76,1.25,1987-11-01
NDJ 1987,27.59,1.11,1987-12-01
DJF 1988,27.34,0.81,1988-01-01
JFM 1988,27.29,0.54,1988-02-01
FMA 1988,27.27,0.14,1988-03-01
MAM 1988,27.15,-0.31,1988-04-01
AMJ 1988,26.69,-0.88,1988-05-01
MJJ 1988,26.08,-1.3,1988-06-01
JJA 1988,25.74,-1.3,1988-07-01
JAS 1988,25.65,-1.11,1988-08-01
ASO 1988,25.4,-1.19,1988-09-01
SON 1988,25.07,-1.48,1988-10-01
OND 1988,24.71,-1.8,1988-11-01
NDJ 1988,24.63,-1.85,1988-12-01
DJF 1989,24.84,-1.69,1989-01-01
JFM 1989,25.32,-1.43,1989-02-01
FMA 1989,26.04,-1.08,1989-03-01
MAM 1989,26.64,-0.83,1989-04-01
AMJ 1989,26.99,-0.58,1989-05-01
MJJ 1989,26.97,-0.4,1989-06-01
JJA 1989,26.73,-0.31,1989-07-01
JAS 1989,26.48,-0.27,1989-08-01
ASO 1989,26.35,-0.24,1989-09-01
SON 1989,26.33,-0.22,1989-10-01
OND 1989,26.34,-0.16,1989-11-01
NDJ 1989,26.43,-0.05,1989-12-01
DJF 1990,26.67,0.14,1990-01-01
JFM 1990,26.96,0.21,1990-02-01
FMA 1990,27.41,0.28,1990-03-01
MAM 1990,27.75,0.29,1990-04-01
AMJ 1990,27.86,0.29,1990-05-01
MJJ 1990,27.68,0.31,1990-06-01
JJA 1990,27.37,0.33,1990-07-01
JAS 1990,27.13,0.38,1990-08-01
ASO 1990,26.98,0.39,1990-09-01
SON 1990,26.89,0.35,1990-10-01
OND 1990,26.9,0.4,1990-11-01
NDJ 1990,26.94,0.41,1990-12-01
DJF 1991,27.02,0.41,1991-01-01
JFM 1991,27.15,0.26,1991-02-01
FMA 1991,27.48,0.22,1991-03-01
MAM 1991,27.85,0.26,1991-04-01
AMJ 1991,28.16,0.45,1991-05-01
MJJ 1991,28.17,0.64,1991-06-01
JJA 1991,27.94,0.73,1991-07-01
JAS 1991,27.57,0.64,1991-08-01
ASO 1991,27.41,0.62,1991-09-01
SON 1991,27.54,0.79,1991-10-01
OND 1991,27.91,1.21,1991-11-01
NDJ 1991,28.18,1.53,1991-12-01
DJF 1992,28.39,1.71,1992-01-01
JFM 1992,28.52,1.63,1992-02-01
FMA 1992,28.73,1.48,1992-03-01
MAM 1992,28.88,1.29,1992-04-01
AMJ 1992,28.76,1.06,1992-05-01
MJJ 1992,28.26,0.73,1992-06-01
JJA 1992,27.57,0.37,1992-07-01
JAS 1992,27.03,0.09,1992-08-01
ASO 1992,26.66,-0.13,1992-09-01
SON 1992,26.5,-0.25,1992-10-01
OND 1992,26.43,-0.28,1992-11-01
NDJ 1992,26.52,-0.13,1992-12-01
DJF 1993,26.77,0.09,1993-01-01
JFM 1993,27.18,0.3,1993-02-01
FMA 1993,27.75,0.5,1993-03-01
MAM 1993,28.27,0.67,1993-04-01
AMJ 1993,28.4,0.7,1993-05-01
MJJ 1993,28.1,0.57,1993-06-01
JJA 1993,27.53,0.32,1993-07-01
JAS 1993,27.19,0.25,1993-08-01
ASO 1993,26.94,0.15,1993-09-01
SON 1993,26.85,0.1,1993-10-01
OND 1993,26.75,0.04,1993-11-01
NDJ 1993,26.71,0.06,1993-12-01
DJF 1994,26.74,0.06,1994-01-01
JFM 1994,26.95,0.07,1994-02-01
FMA 1994,27.43,0.17,1994-03-01
MAM 1994,27.9,0.31,1994-04-01
AMJ 1994,28.12,0.42,1994-05-01
MJJ 1994,27.94,0.41,1994-06-01
JJA 1994,27.65,0.44,1994-07-01
JAS 1994,27.37,0.43,1994-08-01
ASO 1994,27.35,0.55,1994-09-01
SON 1994,27.49,0.74,1994-10-01
OND 1994,27.71,1.01,1994-11-01
NDJ 1994,27.74,1.09,1994-12-01
DJF 1995,27.64,0.96,1995-01-01
JFM 1995,27.61,0.72,1995-02-01
FMA 1995,27.79,0.53,1995-03-01
MAM 1995,27.9,0.3,1995-04-01
AMJ 1995,27.84,0.14,1995-05-01
MJJ 1995,27.5,-0.03,1995-06-01
JJA 1995,26.97,-0.24,1995-07-01
JAS 1995,26.4,-0.54,1995-08-01
ASO 1995,25.99,-0.81,1995-09-01
SON 1995,25.78,-0.97,1995-10-01
OND 1995,25.7,-1.0,1995-11-01
NDJ 1995,25.66,-0.98,1995-12-01
DJF 1996,25.76,-0.9,1996-01-01
JFM 1996,26.1,-0.75,1996-02-01
FMA 1996,26.65,-0.59,1996-03-01
MAM 1996,27.2,-0.39,1996-04-01
AMJ 1996,27.4,-0.31,1996-05-01
MJJ 1996,27.23,-0.3,1996-06-01
JJA 1996,26.93,-0.27,1996-07-01
JAS 1996,26.59,-0.32,1996-08-01
ASO 1996,26.39,-0.35,1996-09-01
SON 1996,26.28,-0.4,1996-10-01
OND 1996,26.17,-0.45,1996-11-01
NDJ 1996,26.09,-0.49,1996-12-01
DJF 1997,26.12,-0.5,1997-01-01
JFM 1997,26.49,-0.36,1997-02-01
FMA 1997,27.14,-0.1,1997-03-01
MAM 1997,27.87,0.28,1997-04-01
AMJ 1997,28.46,0.75,1997-05-01
MJJ 1997,28.75,1.22,1997-06-01
JJA 1997,28.8,1.6,1997-07-01
JAS 1997,28.81,1.9,1997-08-01
ASO 1997,28.88,2.14,1997-09-01
SON 1997,29.01,2.33,1997-10-01
OND 1997,29.02,2.4,1997-11-01
NDJ 1997,28.97,2.39,1997-12-01
DJF 1998,28.87,2.24,1998-01-01
JFM 1998,28.78,1.93,1998-02-01
FMA 1998,28.68,1.44,1998-03-01
MAM 1998,28.59,0.99,1998-04-01
AMJ 1998,28.16,0.45,1998-05-01
MJJ 1998,27.39,-0.13,1998-06-01
JJA 1998,26.42,-0.78,1998-07-01
JAS 1998,25.79,-1.12,1998-08-01
ASO 1998,25.44,-1.31,1998-09-01
SON 1998,25.32,-1.35,1998-10-01
OND 1998,25.14,-1.48,1998-11-01
NDJ 1998,25.01,-1.57,1998-12-01
DJF 1999,25.08,-1.55,1999-01-01
JFM 1999,25.55,-1.3,1999-02-01
FMA 1999,26.17,-1.07,1999-03-01
MAM 1999,26.62,-0.98,1999-04-01
AMJ 1999,26.68,-1.02,1999-05-01
MJJ 1999,26.49,-1.04,1999-06-01
JJA 1999,26.1,-1.1,1999-07-01
JAS 1999,25.8,-1.11,1999-08-01
ASO 1999,25.58,-1.16,1999-09-01
SON 1999,25.41,-1.26,1999-10-01
OND 1999,25.16,-1.46,1999-11-01
NDJ 1999,24.93,-1.65,1999-12-01
DJF 2000,24.96,-1.66,2000-01-01
JFM 2000,25.44,-1.41,2000-02-01
FMA 2000,26.17,-1.07,2000-03-01
MAM 2000,26.78,-0.81,2000-04-01
AMJ 2000,27.0,-0.71,2000-05-01
MJJ 2000,26.88,-0.64,2000-06-01
JJA 2000,26.65,-0.55,2000-07-01
JAS 2000,26.4,-0.51,2000-08-01
ASO 2000,26.2,-0.55,2000-09-01
SON 2000,26.05,-0.63,2000-10-01
OND 2000,25.88,-0.75,2000-11-01
NDJ 2000,25.81,-0.74,2000-12-01
DJF 2001,25.88,-0.68,2001-01-01
JFM 2001,26.26,-0.52,2001-02-01
FMA 2001,26.76,-0.44,2001-03-01
MAM 2001,27.25,-0.34,2001-04-01
AMJ 2001,27.49,-0.25,2001-05-01
MJJ 2001,27.47,-0.12,2001-06-01
JJA 2001,27.2,-0.08,2001-07-01
JAS 2001,26.86,-0.13,2001-08-01
ASO 2001,26.63,-0.19,2001-09-01
SON 2001,26.48,-0.29,2001-10-01
OND 2001,26.37,-0.35,2001-11-01
NDJ 2001,26.31,-0.31,2001-12-01
DJF 2002,26.44,-0.15,2002-01-01
JFM 2002,26.81,0.03,2002-02-01
FMA 2002,27.29,0.09,2002-03-01
MAM 2002,27.8,0.2,2002-04-01
AMJ 2002,28.18,0.43,2002-05-01
MJJ 2002,28.24,0.65,2002-06-01
JJA 2002,28.06,0.79,2002-07-01
JAS 2002,27.85,0.86,2002-08-01
ASO 2002,27.83,1.01,2002-09-01
SON 2002,27.97,1.21,2002-10-01
OND 2002,28.03,1.31,2002-11-01
NDJ 2002,27.76,1.14,2002-12-01
DJF 2003,27.51,0.92,2003-01-01
JFM 2003,27.41,0.63,2003-02-01
FMA 2003,27.58,0.38,2003-03-01
MAM 2003,27.56,-0.04,2003-04-01
AMJ 2003,27.48,-0.26,2003-05-01
MJJ 2003,27.42,-0.16,2003-06-01
JJA 2003,27.35,0.08,2003-07-01
JAS 2003,27.2,0.21,2003-08-01
ASO 2003,27.08,0.26,2003-09-01
SON 2003,27.05,0.29,2003-10-01
OND 2003,27.07,0.35,2003-11-01
NDJ 2003,26.97,0.35,2003-12-01
DJF 2004,26.95,0.37,2004-01-01
JFM 2004,27.08,0.31,2004-02-01
FMA 2004,27.43,0.23,2004-03-01
MAM 2004,27.76,0.17,2004-04-01
AMJ 2004,27.91,0.17,2004-05-01
MJJ 2004,27.87,0.28,2004-06-01
JJA 2004,27.74,0.47,2004-07-01
JAS 2004,27.63,0.64,2004-08-01
ASO 2004,27.52,0.7,2004-09-01
SON 2004,27.44,0.67,2004-10-01
OND 2004,27.38,0.66,2004-11-01
NDJ 2004,27.3,0.69,2004-12-01
DJF 2005,27.22,0.64,2005-01-01
JFM 2005,27.36,0.58,2005-02-01
FMA 2005,27.65,0.45,2005-03-01
MAM 2005,28.02,0.43,2005-04-01
AMJ 2005,28.03,0.29,2005-05-01
MJJ 2005,27.69,0.11,2005-06-01
JJA 2005,27.21,-0.06,2005-07-01
JAS 2005,26.85,-0.14,2005-08-01
ASO 2005,26.71,-0.11,2005-09-01
SON 2005,26.48,-0.29,2005-10-01
OND 2005,26.15,-0.57,2005-11-01
NDJ 2005,25.81,-0.84,2005-12-01
DJF 2006,25.8,-0.85,2006-01-01
JFM 2006,26.1,-0.77,2006-02-01
FMA 2006,26.73,-0.57,2006-03-01
MAM 2006,27.31,-0.37,2006-04-01
AMJ 2006,27.69,-0.14,2006-05-01
MJJ 2006,27.62,-0.03,2006-06-01
JJA 2006,27.4,0.1,2006-07-01
JAS 2006,27.26,0.3,2006-08-01
ASO 2006,27.3,0.54,2006-09-01
SON 2006,27.48,0.77,2006-10-01
OND 2006,27.62,0.94,2006-11-01
NDJ 2006,27.56,0.94,2006-12-01
DJF 2007,27.3,0.66,2007-01-01
JFM 2007,27.09,0.22,2007-02-01
FMA 2007,27.18,-0.12,2007-03-01
MAM 2007,27.37,-0.32,2007-04-01
AMJ 2007,27.45,-0.38,2007-05-01
MJJ 2007,27.18,-0.47,2007-06-01
JJA 2007,26.74,-0.56,2007-07-01
JAS 2007,26.15,-0.81,2007-08-01
ASO 2007,25.69,-1.07,2007-09-01
SON 2007,25.37,-1.34,2007-10-01
OND 2007,25.17,-1.5,2007-11-01
NDJ 2007,25.02,-1.6,2007-12-01
DJF 2008,25.0,-1.64,2008-01-01
JFM 2008,25.35,-1.52,2008-02-01
FMA 2008,26.01,-1.29,2008-03-01
MAM 2008,26.67,-1.01,2008-04-01
AMJ 2008,26.99,-0.84,2008-05-01
MJJ 2008,27.04,-0.61,2008-06-01
JJA 2008,26.92,-0.37,2008-07-01
JAS 2008,26.73,-0.23,2008-08-01
ASO 2008,26.52,-0.24,2008-09-01
SON 2008,26.36,-0.35,2008-10-01
OND 2008,26.12,-0.55,2008-11-01
NDJ 2008,25.88,-0.73,2008-12-01
DJF 2009,25.79,-0.85,2009-01-01
JFM 2009,26.08,-0.79,2009-02-01
FMA 2009,26.68,-0.61,2009-03-01
MAM 2009,27.36,-0.33,2009-04-01
AMJ 2009,27.84,0.01,2009-05-01
MJJ 2009,27.94,0.28,2009-06-01
JJA 2009,27.75,0.45,2009-07-01
JAS 2009,27.53,0.58,2009-08-01
ASO 2009,27.47,0.71,2009-09-01
SON 2009,27.72,1.01,2009-10-01
OND 2009,28.03,1.36,2009-11-01
NDJ 2009,28.18,1.56,2009-12-01
DJF 2010,28.14,1.5,2010-01-01
JFM 2010,28.09,1.22,2010-02-01
FMA 2010,28.14,0.84,2010-03-01
MAM 2010,28.04,0.35,2010-04-01
AMJ 2010,27.66,-0.17,2010-05-01
MJJ 2010,27.0,-0.66,2010-06-01
JJA 2010,26.25,-1.05,2010-07-01
JAS 2010,25.61,-1.35,2010-08-01
ASO 2010,25.21,-1.56,2010-09-01
SON 2010,25.07,-1.64,2010-10-01
OND 2010,25.03,-1.64,2010-11-01
NDJ 2010,25.02,-1.59,2010-12-01
DJF 2011,25.22,-1.42,2011-01-01
JFM 2011,25.68,-1.19,2011-02-01
FMA 2011,26.37,-0.93,2011-03-01
MAM 2011,26.95,-0.73,2011-04-01
AMJ 2011,27.28,-0.55,2011-05-01
MJJ 2011,27.21,-0.44,2011-06-01
JJA 2011,26.81,-0.48,2011-07-01
JAS 2011,26.33,-0.62,2011-08-01
ASO 2011,25.93,-0.83,2011-09-01
SON 2011,25.7,-1.01,2011-10-01
OND 2011,25.58,-1.09,2011-11-01
NDJ 2011,25.58,-1.04,2011-12-01
DJF 2012,25.77,-0.86,2012-01-01
JFM 2012,26.15,-0.72,2012-02-01
FMA 2012,26.71,-0.59,2012-03-01
MAM 2012,27.21,-0.47,2012-04-01
AMJ 2012,27.57,-0.26,2012-05-01
MJJ 2012,27.64,-0.01,2012-06-01
JJA 2012,27.54,0.25,2012-07-01
JAS 2012,27.32,0.37,2012-08-01
ASO 2012,27.13,0.37,2012-09-01
SON 2012,26.98,0.27,2012-10-01
OND 2012,26.73,0.05,2012-11-01
NDJ 2012,26.41,-0.21,2012-12-01
DJF 2013,26.21,-0.43,2013-01-01
JFM 2013,26.44,-0.43,2013-02-01
FMA 2013,26.96,-0.34,2013-03-01
MAM 2013,27.38,-0.3,2013-04-01
AMJ 2013,27.47,-0.36,2013-05-01
MJJ 2013,27.24,-0.41,2013-06-01
JJA 2013,26.89,-0.4,2013-07-01
JAS 2013,26.64,-0.32,2013-08-01
ASO 2013,26.51,-0.26,2013-09-01
SON 2013,26.54,-0.18,2013-10-01
OND 2013,26.5,-0.17,2013-11-01
NDJ 2013,26.35,-0.27,2013-12-01
DJF 2014,26.22,-0.42,2014-01-01
JFM 2014,26.41,-0.46,2014-02-01
FMA 2014,27.03,-0.27,2014-03-01
MAM 2014,27.73,0.04,2014-04-01
AMJ 2014,28.04,0.21,2014-05-01
MJJ 2014,27.82,0.16,2014-06-01
JJA 2014,27.34,0.05,2014-07-01
JAS 2014,27.02,0.07,2014-08-01
ASO 2014,27.0,0.23,2014-09-01
SON 2014,27.21,0.49,2014-10-01
OND 2014,27.31,0.64,2014-11-01
NDJ 2014,27.28,0.66,2014-12-01
DJF 2015,27.19,0.55,2015-01-01
JFM 2015,27.34,0.47,2015-02-01
FMA 2015,27.82,0.53,2015-03-01
MAM 2015,28.38,0.7,2015-04-01
AMJ 2015,28.76,0.93,2015-05-01
MJJ 2015,28.83,1.18,2015-06-01
JJA 2015,28.81,1.52,2015-07-01
JAS 2015,28.82,1.86,2015-08-01
ASO 2015,28.93,2.16,2015-09-01
SON 2015,29.14,2.42,2015-10-01
OND 2015,29.25,2.57,2015-11-01
NDJ 2015,29.26,2.64,2015-12-01
DJF 2016,29.12,2.48,2016-01-01
JFM 2016,29.01,2.14,2016-02-01
FMA 2016,28.88,1.58,2016-03-01
MAM 2016,28.62,0.94,2016-04-01
AMJ 2016,28.22,0.39,2016-05-01
MJJ 2016,27.59,-0.07,2016-06-01
JJA 2016,26.93,-0.36,2016-07-01
JAS 2016,26.42,-0.54,2016-08-01
ASO 2016,26.14,-0.63,2016-09-01
SON 2016,26.02,-0.69,2016-10-01
OND 2016,26.01,-0.67,2016-11-01
NDJ 2016,26.06,-0.56,2016-12-01
DJF 2017,26.3,-0.34,2017-01-01
JFM 2017,26.71,-0.16,2017-02-01
FMA 2017,27.35,0.05,2017-03-01
MAM 2017,27.89,0.2,2017-04-01
AMJ 2017,28.13,0.3,2017-05-01
MJJ 2017,27.97,0.31,2017-06-01
JJA 2017,27.43,0.14,2017-07-01
JAS 2017,26.84,-0.11,2017-08-01
ASO 2017,26.38,-0.38,2017-09-01
SON 2017,26.06,-0.65,2017-10-01
OND 2017,25.84,-0.84,2017-11-01
NDJ 2017,25.64,-0.97,2017-12-01
DJF 2018,25.72,-0.92,2018-01-01
JFM 2018,26.02,-0.85,2018-02-01
FMA 2018,26.6,-0.7,2018-03-01
MAM 2018,27.18,-0.5,2018-04-01
AMJ 2018,27.61,-0.22,2018-05-01
MJJ 2018,27.64,-0.01,2018-06-01
JJA 2018,27.38,0.09,2018-07-01
JAS 2018,27.18,0.23,2018-08-01
ASO 2018,27.25,0.49,2018-09-01
SON 2018,27.47,0.76,2018-10-01
OND 2018,27.57,0.9,2018-11-01
NDJ 2018,27.43,0.81,2018-12-01
DJF 2019,27.39,0.75,2019-01-01
JFM 2019,27.59,0.72,2019-02-01
FMA 2019,28.01,0.71,2019-03-01
MAM 2019,28.34,0.66,2019-04-01
AMJ 2019,28.37,0.54,2019-05-01
MJJ 2019,28.1,0.45,2019-06-01
JJA 2019,27.57,0.28,2019-07-01
JAS 2019,27.1,0.14,2019-08-01
ASO 2019,26.95,0.19,2019-09-01
SON 2019,27.06,0.35,2019-10-01
OND 2019,27.18,0.51,2019-11-01
NDJ 2019,27.17,0.55,2019-12-01
DJF 2020,27.14,0.5,2020-01-01
JFM 2020,27.35,0.48,2020-02-01
FMA 2020,27.7,0.4,2020-03-01
MAM 2020,27.87,0.19,2020-04-01
AMJ 2020,27.75,-0.08,2020-05-01
MJJ 2020,27.35,-0.3,2020-06-01
JJA 2020,26.88,-0.41,2020-07-01
JAS 2020,26.38,-0.57,2020-08-01
ASO 2020,25.87,-0.89,2020-09-01
SON 2020,25.54,-1.17,2020-10-01
OND 2020,25.4,-1.27,2020-11-01
NDJ 2020,25.43,-1.19,2020-12-01
DJF 2021,25.59,-1.05,2021-01-01
JFM 2021,25.94,-0.93,2021-02-01
FMA 2021,26.46,-0.84,2021-03-01
MAM 2021,27.03,-0.66,2021-04-01
AMJ 2021,27.35,-0.48,2021-05-01
MJJ 2021,27.28,-0.38,2021-06-01
JJA 2021,26.89,-0.4,2021-07-01
JAS 2021,26.46,-0.49,2021-08-01
ASO 2021,26.09,-0.67,2021-09-01
SON 2021,25.9,-0.81,2021-10-01
OND 2021,25.69,-0.98,2021-11-01
NDJ 2021,25.63,-0.98,2021-12-01
DJF 2022,25.67,-0.97,2022-01-01
JFM 2022,25.94,-0.93,2022-02-01
FMA 2022,26.31,-0.99,2022-03-01
MAM 2022,26.62,-1.06,2022-04-01
AMJ 2022,26.84,-0.99,2022-05-01
MJJ 2022,26.8,-0.85,2022-06-01
JJA 2022,26.48,-0.81,2022-07-01
JAS 2022,26.04,-0.91,2022-08-01
ASO 2022,25.75,-1.01,2022-09-01
SON 2022,25.72,-0.99,2022-10-01
OND 2022,25.76,-0.92,2022-11-01
NDJ 2022,25.79,-0.83,2022-12-01
DJF 2023,25.96,-0.68,2023-01-01
JFM 2023,26.44,-0.43,2023-02-01
FMA 2023,27.15,-0.15,2023-03-01
MAM 2023,27.85,0.16,2023-04-01
AMJ 2023,28.31,0.48,2023-05-01
MJJ 2023,28.42,0.77,2023-06-01
JJA 2023,28.36,1.07,2023-07-01
JAS 2023,28.28,1.32,2023-08-01
ASO 2023,28.32,1.56,2023-09-01
SON 2023,28.49,1.78,2023-10-01
OND 2023,28.6,1.92,2023-11-01
NDJ 2023,28.57,1.95,2023-12-01
DJF 2024,28.42,1.78,2024-01-01
JFM 2024,28.35,1.48,2024-02-01
FMA 2024,28.43,1.14,2024-03-01
MAM 2024,28.39,0.71,2024-04-01
AMJ 2024,28.22,0.39,2024-05-01
MJJ 2024,27.8,0.15,2024-06-01
JJA 2024,27.33,0.03,2024-07-01
JAS 2024,26.85,-0.11,2024-08-01
ASO 2024,26.55,-0.21,2024-09-01
SON 2024,26.45,-0.26,2024-10-01
OND 2024,26.3,-0.37,2024-11-01
NDJ 2024,26.09,-0.53,2024-12-01
DJF 2025,25.99,-0.64,2025-01-01
